{"Title":"Terminator 2: Judgment Day","Year":"1991","Rated":"R","Released":"03 Jul 1991","Runtime":"137 min","Genre":"Action, Adventure, Sci-Fi","Director":"James Cameron","Writer":"James Cameron, William Wisher","Actors":"Arnold Schwarzenegger, Linda Hamilton, Edward Furlong","Plot":"A cyborg, identical to the one who failed to kill Sarah Connor, must now protect her ten year old son John from an even more advanced and powerful cyborg.","Language":"English, Spanish","Country":"United States, France","Awards":"Won 4 Oscars. 39 wins \u0026 33 nominations total","Poster":"https://m.media-amazon.com/images/M/MV5BNGMyMGNkMDUtMjc2Ni00NWFlLTgyODEtZTY2MzBiZTg0OWZiXkEyXkFqcGc@._V1_SX300.jpg","Ratings":[{"Source":"Internet Movie Database","Value":"8.6/10"},{"Source":"Rotten Tomatoes","Value":"91%"},{"Source":"Metacritic","Value":"75/100"}],"Metascore":"75","imdbRating":"8.6","imdbVotes":"1,205,412","imdbID":"tt0103064","Type":"movie","BoxOffice":"$205,881,154","Response":"True"}