{"Title":"D-Day: The Finished Film","Year":"2001","Released":"28 Dec 2001","Runtime":"65 min","Genre":"Crime, Drama","Director":"S\u00F8ren Kragh-Jacobsen, Kristian Levring, Thomas Vinterberg","Actors":"Nicolaj Kopernikus, Charlotte Sachs Bostrup, Dejan Cukic","Plot":"Four people plan to rob a bank on new years eve, where no one will notice because of the celebration.","Language":"Danish","Country":"Denmark","Poster":"https://m.media-amazon.com/images/M/MV5BMzk2NjdjOTEtNDRhYS00YzgyLThmOGQtMjgyNTU5NTk5NWI4L2ltYWdlXkEyXkFqcGdeQXVyMjUyNDk2ODc@._V1_SX300.jpg","Ratings":[{"Source":"Internet Movie Database","Value":"3.1/10"}],"imdbRating":"3.1","imdbVotes":"225","imdbID":"tt0305405","Type":"movie","Response":"True"}