{"Title":"The Final Race","Year":"2023","Released":"25 Dec 2023","Runtime":"111 min","Genre":"Action, Comedy, Family","Director":"Edward af Sill\u00E9n","Writer":"Hallvard Br\u00E6in, Christopher Gr\u00F8ndahl, David Hellenius","Actors":"David Hellenius, Axel Adel\u00F6w, Malin Akerman","Plot":"A street racing legend Dennis who neglected his marriage and 16 year old daughter Hanna. One day he finds out that his daughter will participate in a race with her new boyfriend. To stop Hanna, Dennis and his ex-wife Tove go on a ...","Language":"Swedish","Country":"Sweden","Awards":"1 nomination","Poster":"https://m.media-amazon.com/images/M/MV5BMjMwNjcxNTMtODJkNC00N2EwLTgyNmUtOTY4ZDJiMDM0YTYwXkEyXkFqcGdeQXVyMTI3NjAxODc0._V1_SX300.jpg","Ratings":[{"Source":"Internet Movie Database","Value":"5.2/10"}],"imdbRating":"5.2","imdbVotes":"1,255","imdbID":"tt20355484","Type":"movie","Response":"True"}