{"Title":"Miscellaneous","Year":"2016","Released":"19 Apr 2016","Genre":"Drama","Director":"Onesoul","Writer":"Wordsmith Jp","Actors":"Ijenebe Anwuri, Segun Arinze, Constance Awoniyi","Plot":"A prim and proper successful architect, with a well-planned out future, lives life by the book. Until a one-night stand takes him off his by the book lifestyle.","Language":"English","Country":"Nigeria","Poster":"https://m.media-amazon.com/images/M/MV5BODc1NjEwY2MtNjM3OC00YzY4LTg0NGEtODkzZDMzYjRlY2Y5XkEyXkFqcGdeQXVyNzc5NDg5Mjc@._V1_SX300.jpg","Ratings":[],"imdbID":"tt8350114","Type":"movie","Response":"True"}